,Player,Tm,Int,Tgt,Cmp,Cmp%,Yds,Yds/Cmp,Yds/Tgt,TD,Rat,DADOT,Air,YAC,Bltz,Hrry,QBKD,Sk,Prss,Comb,MTkl,MTkl%,W/L
0,Juan Thornhill,KAN,1,7,6,85.7%,112,18.7,16.0,0,79.2,17.0,79,33,1,0,0,0.0,0,11,0,0.0%,W
1,Willie Gay Jr.,KAN,0,6,5,83.3%,48,9.6,8.0,0,100.0,4.5,22,26,3,0,0,0.5,1,8,0,0.0%,W
2,L'Jarius Sneed,KAN,0,7,5,71.4%,35,7.0,5.0,0,82.4,2.4,6,29,1,0,0,0.5,1,6,0,0.0%,W
3,Jaylen Watson,KAN,0,6,5,83.3%,69,13.8,11.5,1,154.2,9.8,54,15,1,0,0,0.0,0,6,0,0.0%,W
4,Justin Reid,KAN,0,6,4,66.7%,82,20.5,13.7,0,109.7,8.0,48,34,2,0,0,0.0,0,7,2,22.2%,W
5,Nick Bolton,KAN,0,4,2,50.0%,26,13.0,6.5,0,70.8,11.5,19,7,1,0,1,0.0,1,10,0,0.0%,W
6,Joshua Williams,KAN,1,6,2,33.3%,23,11.5,3.8,1,45.8,5.5,23,0,0,0,0,0.0,0,1,0,0.0%,W
7,Chris Lammons,KAN,0,4,2,50.0%,30,15.0,7.5,0,75.0,7.8,13,17,0,0,0,0.0,0,2,0,0.0%,W
8,Frank Clark,KAN,0,2,1,50.0%,13,13.0,6.5,0,70.8,2.0,-4,17,3,0,0,1.5,2,2,0,0.0%,W
9,Khalen Saunders,KAN,0,1,1,100.0%,11,11.0,11.0,0,112.5,3.0,3,8,0,0,0,0.5,1,3,0,0.0%,W
10,George Karlaftis III,KAN,0,1,1,100.0%,11,11.0,11.0,0,112.5,0.0,0,11,0,1,0,0.0,1,2,0,0.0%,W
11,Malik Herring,KAN,0,1,1,100.0%,4,4.0,4.0,0,83.3,2.0,2,2,0,0,0,0.0,0,1,1,50.0%,W
12,Chris Jones,KAN,0,0,0,,,,,,,,,,0,0,0,2.0,2,3,0,0.0%,W
13,Taylor Stallworth,KAN,0,0,0,,,,,,,,,,0,0,1,0.0,1,0,0,,W
14,James Winchester,KAN,0,0,0,,,,,,,,,,1,0,0,0.0,0,0,0,,W
15,Dicaprio Bootle,KAN,0,2,0,0.0%,,,0.0,,39.6,11.5,,,0,0,0,0.0,0,1,0,0.0%,W
16,Darius Harris,KAN,0,1,0,0.0%,,,0.0,,39.6,6.0,,,1,0,0,0.0,0,0,0,,W
17,Leo Chenal,KAN,0,0,0,,,,,,,,,,1,0,0,0.0,0,1,1,50.0%,W
18,Player,Tm,Int,Tgt,Cmp,Cmp%,Yds,Yds/Cmp,Yds/Tgt,TD,Rat,DADOT,Air,YAC,Bltz,Hrry,QBKD,Sk,Prss,Comb,MTkl,MTkl%,W
19,Charvarius Ward,SFO,0,9,7,77.8%,122,17.4,13.6,0,118.7,10.2,91,31,0,0,0,0.0,0,10,0,0.0%,W
20,Jimmie Ward,SFO,0,5,4,80.0%,33,8.3,6.6,1,133.7,3.6,28,5,1,0,0,0.0,0,2,1,33.3%,W
21,Tashaun Gipson,SFO,0,6,4,66.7%,118,29.5,19.7,1,149.3,16.8,87,31,0,0,0,0.0,0,5,0,0.0%,W
22,Fred Warner,SFO,0,4,3,75.0%,33,11.0,8.3,0,99.0,1.0,1,32,4,1,0,0.0,1,6,0,0.0%,W
23,Deommodore Lenoir,SFO,0,5,3,60.0%,48,16.0,9.6,0,92.1,4.6,0,48,0,0,0,0.0,0,4,1,20.0%,W
24,Demetrius Flannigan-Fowles,SFO,0,2,2,100.0%,38,19.0,19.0,0,118.7,11.0,22,16,1,0,0,0.0,0,2,0,0.0%,W
25,Dre Greenlaw,SFO,0,3,2,66.7%,31,15.5,10.3,0,100.7,4.7,11,20,4,0,0,0.0,0,3,1,25.0%,W
26,Samson Ebukam,SFO,0,1,1,100.0%,8,8.0,8.0,1,139.6,-4.0,-4,12,1,1,0,0.0,1,3,0,0.0%,W
27,Ambry Thomas,SFO,0,1,1,100.0%,19,19.0,19.0,0,118.7,16.0,16,3,0,0,0,0.0,0,1,0,0.0%,W
28,Tarvarius Moore,SFO,0,1,1,100.0%,17,17.0,17.0,0,118.7,15.0,15,2,0,0,0,0.0,0,2,0,0.0%,W
29,Talanoa Hufanga,SFO,1,3,1,33.3%,8,8.0,2.7,0,2.8,4.7,6,2,1,0,0,0.0,0,4,1,20.0%,W
30,Drake Jackson,SFO,0,0,0,,,,,,,,,,0,1,0,0.0,1,1,0,0.0%,W
31,Kevin Givens,SFO,0,0,0,,,,,,,,,,0,0,1,0.0,1,1,0,0.0%,W
32,Nick Bosa,SFO,0,0,0,,,,,,,,,,0,0,0,1.0,1,4,0,0.0%,W
0,Ernest Jones,LAR,0,8,6,75.0%,73,12.2,9.1,0,102.6,5.9,46,27,0,0,1,0.0,1,11,0,0.0%,W
1,Taylor Rapp,LAR,0,8,6,75.0%,36,6.0,4.5,0,83.3,2.1,6,30,0,0,0,0.0,0,12,1,7.7%,W
2,David Long,LAR,0,4,4,100.0%,45,11.3,11.3,0,113.5,9.8,39,6,0,0,0,0.0,0,2,0,0.0%,W
3,Nick Scott,LAR,1,3,3,100.0%,52,17.3,17.3,0,79.2,11.7,35,17,0,0,0,0.0,0,7,0,0.0%,W
4,Troy Hill,LAR,0,4,3,75.0%,22,7.3,5.5,0,87.5,3.8,-1,23,0,0,0,0.0,0,10,1,9.1%,W
5,Jalen Ramsey,LAR,0,5,2,40.0%,41,20.5,8.2,1,109.2,5.6,15,26,0,0,0,0.0,0,6,0,0.0%,W
6,Derion Kendrick,LAR,0,2,2,100.0%,29,14.5,14.5,0,118.7,10.5,21,8,0,0,0,0.0,0,2,0,0.0%,W
7,Bobby Wagner,LAR,0,2,1,50.0%,22,22.0,11.0,0,89.6,1.5,-1,23,6,1,0,0.0,1,6,0,0.0%,W
8,Leonard Floyd,LAR,0,1,0,0.0%,,,0.0,,39.6,9.0,,,5,3,0,0.0,3,2,0,0.0%,W
9,Aaron Donald,LAR,0,0,0,,,,,,,,,,0,1,1,0.0,2,3,1,25.0%,W
10,Greg Gaines,LAR,0,0,0,,,,,,,,,,0,1,0,0.0,1,3,0,0.0%,W
11,Michael Hoecht,LAR,0,0,0,,,,,,,,,,0,1,0,0.0,1,6,0,0.0%,W
12,Terrell Lewis,LAR,0,0,0,,,,,,,,,,1,0,0,0.0,0,0,0,,W
13,Player,Tm,Int,Tgt,Cmp,Cmp%,Yds,Yds/Cmp,Yds/Tgt,TD,Rat,DADOT,Air,YAC,Bltz,Hrry,QBKD,Sk,Prss,Comb,MTkl,MTkl%,W
14,Joshua Williams,KAN,0,6,4,66.7%,37,9.3,6.2,0,83.3,6.5,22,15,0,0,0,0.0,0,2,1,33.3%,W
15,L'Jarius Sneed,KAN,1,3,3,100.0%,9,3.0,3.0,0,39.6,0.0,0,9,3,1,0,0.0,1,7,0,0.0%,W
16,Nick Bolton,KAN,1,4,3,75.0%,26,8.7,6.5,0,52.1,8.5,23,3,1,0,0,0.0,0,11,0,0.0%,W
17,Willie Gay Jr.,KAN,0,2,2,100.0%,21,10.5,10.5,0,110.4,4.0,8,13,0,0,0,0.0,0,5,0,0.0%,W
18,Trent McDuffie,KAN,0,7,2,28.6%,13,6.5,1.9,1,79.2,7.4,11,2,1,0,0,0.0,0,2,0,0.0%,W
19,Frank Clark,KAN,0,1,0,0.0%,,,0.0,,39.6,8.0,,,0,4,1,0.0,5,6,0,0.0%,W
20,Michael Danna,KAN,0,0,0,,,,,,,,,,0,1,2,0.0,3,4,0,0.0%,W
21,George Karlaftis III,KAN,0,0,0,,,,,,,,,,0,0,0,1.0,1,1,0,0.0%,W
22,Chris Jones,KAN,0,1,0,0.0%,,,0.0,,39.6,2.0,,,0,0,0,1.0,1,1,0,0.0%,W
23,Carlos Dunlap,KAN,0,0,0,,,,,,,,,,0,1,0,0.0,1,3,0,0.0%,W
24,Khalen Saunders,KAN,0,0,0,,,,,,,,,,0,1,0,0.0,1,2,0,0.0%,W
25,Bryan Cook,KAN,0,0,0,,,,,,,,,,1,0,0,1.0,1,2,0,0.0%,W
0,Rashad Fenton,KAN,0,6,6,100.0%,52,8.7,8.7,0,102.8,5.0,30,22,1,0,0,0.0,0,5,0,0.0%,L
1,L'Jarius Sneed,KAN,0,6,5,83.3%,67,13.4,11.2,0,113.2,4.8,28,39,4,0,0,1.0,1,7,1,12.5%,L
2,Jaylen Watson,KAN,0,9,5,55.6%,56,11.2,6.2,0,74.3,6.7,33,23,1,0,0,0.0,0,7,2,22.2%,L
3,Juan Thornhill,KAN,0,4,4,100.0%,40,10.0,10.0,1,147.9,6.8,27,13,0,0,0,0.0,0,5,0,0.0%,L
4,Darius Harris,KAN,0,7,4,57.1%,14,3.5,2.0,1,101.8,3.0,2,12,6,0,0,0.0,0,13,1,7.1%,L
5,Nick Bolton,KAN,0,2,2,100.0%,17,8.5,8.5,0,102.1,5.0,10,7,8,0,0,2.0,2,9,0,0.0%,L
6,Frank Clark,KAN,0,2,2,100.0%,5,2.5,2.5,0,79.2,-5.5,-11,16,0,0,0,1.0,1,3,1,25.0%,L
7,Justin Reid,KAN,0,1,1,100.0%,5,5.0,5.0,0,87.5,5.0,5,0,4,0,2,0.0,2,6,0,0.0%,L
8,George Karlaftis III,KAN,0,2,1,50.0%,1,1.0,0.5,1,95.8,-1.0,1,0,0,1,0,0.0,1,5,0,0.0%,L
9,Bryan Cook,KAN,0,1,1,100.0%,9,9.0,9.0,0,104.2,6.0,6,3,1,0,0,0.0,0,1,0,0.0%,L
10,Khalen Saunders,KAN,0,0,0,,,,,,,,,,0,0,2,0.0,2,8,0,0.0%,L
11,Carlos Dunlap,KAN,0,0,0,,,,,,,,,,0,0,0,1.0,1,4,0,0.0%,L
12,Chris Jones,KAN,0,0,0,,,,,,,,,,0,0,1,0.0,1,2,0,0.0%,L
13,Leo Chenal,KAN,0,0,0,,,,,,,,,,1,0,0,0.0,0,0,0,,L
14,Derrick Nnadi,KAN,0,0,0,,,,,,,,,,0,0,0,0.0,0,1,1,50.0%,L
15,Player,Tm,Int,Tgt,Cmp,Cmp%,Yds,Yds/Cmp,Yds/Tgt,TD,Rat,DADOT,Air,YAC,Bltz,Hrry,QBKD,Sk,Prss,Comb,MTkl,MTkl%,L
16,Zaire Franklin,IND,0,6,5,83.3%,81,16.2,13.5,0,118.7,4.3,21,60,1,0,1,0.0,1,12,1,7.7%,L
17,Stephon Gilmore,IND,0,7,5,71.4%,77,15.4,11.0,0,107.4,6.0,27,50,0,0,0,0.0,0,5,0,0.0%,L
18,Kenny Moore,IND,0,6,3,50.0%,36,12.0,6.0,1,108.3,11.0,25,11,0,0,0,0.0,0,2,1,33.3%,L
19,Bobby Okereke,IND,0,8,3,37.5%,41,13.7,5.1,0,54.7,9.6,20,21,1,0,0,0.0,0,7,0,0.0%,L
20,Brandon Facyson,IND,0,2,2,100.0%,17,8.5,8.5,0,102.1,2.0,4,13,0,0,0,0.0,0,2,0,0.0%,L
21,Kwity Paye,IND,0,1,1,100.0%,2,2.0,2.0,0,79.2,-3.0,-3,5,0,1,0,0.0,1,3,0,0.0%,L
22,Isaiah Rodgers,IND,0,2,1,50.0%,6,6.0,3.0,0,56.2,29.5,6,0,0,0,0,0.0,0,2,0,0.0%,L
23,Rodney McLeod,IND,1,2,1,50.0%,11,11.0,5.5,0,27.1,9.0,4,7,0,0,0,0.0,0,5,1,16.7%,L
24,Julian Blackmon,IND,0,1,1,100.0%,,,0.0,,79.2,,,,0,0,0,0.0,0,1,0,0.0%,L
25,Yannick Ngakoue,IND,0,0,0,,,,,,,,,,0,1,1,1.0,3,2,0,0.0%,L
26,DeForest Buckner,IND,0,0,0,,,,,,,,,,0,1,2,0.0,3,4,0,0.0%,L
27,Grover Stewart,IND,0,0,0,,,,,,,,,,0,2,0,0.0,2,2,1,33.3%,L
28,E.J. Speed,IND,0,0,0,,,,,,,,,,1,1,0,0.0,1,2,0,0.0%,L
0,Nate Hobbs,LVR,0,9,8,88.9%,120,15.0,13.3,1,155.8,8.3,73,47,0,0,0,0.0,0,9,2,18.2%,W
1,Denzel Perryman,LVR,0,4,4,100.0%,25,6.3,6.3,1,132.3,1.5,6,19,7,0,0,1.0,1,8,4,33.3%,W
2,Amik Robertson,LVR,0,4,4,100.0%,56,14.0,14.0,0,118.7,8.8,35,21,0,0,0,0.0,0,3,1,25.0%,W
3,Divine Deablo,LVR,0,6,4,66.7%,21,5.3,3.5,0,72.2,1.7,4,17,11,0,0,0.0,0,10,1,9.1%,W
4,Johnathan Abram,LVR,0,3,2,66.7%,24,12.0,8.0,0,91.0,7.3,16,8,5,0,1,0.0,1,3,1,25.0%,W
5,Sam Webb,LVR,0,4,2,50.0%,20,10.0,5.0,0,64.6,8.3,8,12,0,0,0,0.0,0,1,0,0.0%,W
6,Trevon Moehrig,LVR,0,4,1,25.0%,1,1.0,0.3,1,79.2,12.0,1,0,3,1,0,0.0,1,4,2,33.3%,W
7,Rock Ya-Sin,LVR,0,4,1,25.0%,2,2.0,0.5,0,39.6,10.3,-6,8,0,0,0,0.0,0,3,2,40.0%,W
8,Roderic Teamer,LVR,0,1,1,100.0%,12,12.0,12.0,0,116.7,2.0,2,10,0,0,0,0.0,0,1,0,0.0%,W
9,Matthias Farley,LVR,0,1,1,100.0%,7,7.0,7.0,0,95.8,0.0,0,7,0,0,0,0.0,0,1,0,0.0%,W
10,Javelin Guidry,LVR,0,1,1,100.0%,4,4.0,4.0,1,122.9,3.0,3,1,0,0,0,0.0,0,0,1,100.0%,W
11,Blake Martinez,LVR,0,1,1,100.0%,6,6.0,6.0,0,91.7,6.0,6,0,0,0,0,0.0,0,1,0,0.0%,W
12,Maxx Crosby,LVR,0,0,0,,,,,,,,,,0,1,0,2.0,3,4,1,20.0%,W
13,Chandler Jones,LVR,0,1,0,0.0%,,,0.0,,39.6,-1.0,,,16,1,1,0.0,2,4,2,33.3%,W
14,Bilal Nichols,LVR,0,0,0,,,,,,,,,,0,0,1,0.0,1,2,1,33.3%,W
15,Andrew Billings,LVR,0,0,0,,,,,,,,,,0,0,0,0.0,0,0,2,100.0%,W
16,Clelin Ferrell,LVR,0,0,0,,,,,,,,,,0,0,0,0.0,0,1,1,50.0%,W
17,Player,Tm,Int,Tgt,Cmp,Cmp%,Yds,Yds/Cmp,Yds/Tgt,TD,Rat,DADOT,Air,YAC,Bltz,Hrry,QBKD,Sk,Prss,Comb,MTkl,MTkl%,W
18,L'Jarius Sneed,KAN,0,6,5,83.3%,53,10.6,8.8,0,103.5,5.3,24,29,3,0,0,0.0,0,7,1,12.5%,W
19,Nick Bolton,KAN,0,4,4,100.0%,30,7.5,7.5,0,97.9,2.0,8,22,2,0,1,0.0,1,9,0,0.0%,W
20,Jaylen Watson,KAN,0,6,4,66.7%,68,17.0,11.3,1,144.4,23.2,65,3,1,0,0,0.0,0,2,1,33.3%,W
21,Darius Harris,KAN,0,3,3,100.0%,20,6.7,6.7,0,94.4,1.0,3,17,4,0,0,1.0,1,10,0,0.0%,W
22,Rashad Fenton,KAN,0,3,2,66.7%,63,31.5,21.0,1,149.3,12.7,37,26,2,1,0,0.0,1,2,2,50.0%,W
23,Justin Reid,KAN,0,3,2,66.7%,16,8.0,5.3,0,79.9,6.0,11,5,4,0,0,0.0,0,4,1,20.0%,W
24,Bryan Cook,KAN,0,1,1,100.0%,48,48.0,48.0,1,158.3,48.0,48,0,1,0,0,0.0,0,2,0,0.0%,W
25,Chris Jones,KAN,0,0,0,,,,,,,,,,0,3,2,0.0,5,0,0,,W
26,Frank Clark,KAN,0,0,0,,,,,,,,,,0,1,1,0.5,3,2,0,0.0%,W
27,George Karlaftis III,KAN,0,0,0,,,,,,,,,,0,0,0,0.5,1,1,0,0.0%,W
28,Khalen Saunders,KAN,0,0,0,,,,,,,,,,0,0,0,0.0,0,4,1,20.0%,W
29,Leo Chenal,KAN,0,0,0,,,,,,,,,,4,0,0,0.0,0,3,1,25.0%,W
30,Juan Thornhill,KAN,0,1,0,0.0%,,,0.0,,39.6,29.0,,,0,0,0,0.0,0,1,2,66.7%,W
31,Derrick Nnadi,KAN,0,0,0,,,,,,,,,,0,0,0,0.0,0,3,1,25.0%,W
32,Deon Bush,KAN,0,1,0,0.0%,,,0.0,,39.6,15.0,,,1,0,0,0.0,0,1,0,0.0%,W
33,Joshua Williams,KAN,0,1,0,0.0%,,,0.0,,39.6,24.0,,,0,0,0,0.0,0,0,0,,W
0,Tremaine Edmunds,BUF,0,7,6,85.7%,61,10.2,8.7,0,103.0,2.9,25,36,5,0,0,0.0,0,10,0,0.0%,L
1,Jordan Poyer,BUF,0,4,4,100.0%,55,13.8,13.8,0,118.7,9.0,36,19,0,0,0,0.0,0,4,0,0.0%,L
2,Matt Milano,BUF,0,3,3,100.0%,29,9.7,9.7,0,106.9,-1.0,-3,32,3,0,2,0.0,2,3,3,50.0%,L
3,Kaiir Elam,BUF,1,4,3,75.0%,24,8.0,6.0,1,89.6,6.8,18,6,0,0,0,0.0,0,4,0,0.0%,L
4,Dane Jackson,BUF,0,6,3,50.0%,44,14.7,7.3,0,74.3,7.2,21,23,0,0,0,0.0,0,2,2,50.0%,L
5,Taron Johnson,BUF,1,8,3,37.5%,69,23.0,8.6,1,69.3,6.6,21,48,0,0,0,0.0,0,6,1,14.3%,L
6,Christian Benford,BUF,0,2,1,50.0%,7,7.0,3.5,0,58.3,7.5,7,0,0,0,0,0.0,0,1,0,0.0%,L
7,Siran Neal,BUF,0,2,1,50.0%,8,8.0,4.0,0,60.4,3.5,7,1,0,0,0,0.0,0,2,1,33.3%,L
8,Damar Hamlin,BUF,0,1,1,100.0%,41,41.0,41.0,0,118.7,7.0,7,34,3,0,0,0.0,0,7,1,12.5%,L
9,Ed Oliver,BUF,0,0,0,,,,,,,,,,0,0,2,0.0,2,1,0,0.0%,L
10,Von Miller,BUF,0,0,0,,,,,,,,,,2,0,0,2.0,2,4,0,0.0%,L
11,DaQuan Jones,BUF,0,0,0,,,,,,,,,,0,0,1,0.0,1,2,0,0.0%,L
12,Shaq Lawson,BUF,0,0,0,,,,,,,,,,0,0,0,1.0,1,2,0,0.0%,L
13,Boogie Basham,BUF,0,0,0,,,,,,,,,,1,0,1,0.0,1,0,0,,L
14,Gregory Rousseau,BUF,0,0,0,,,,,,,,,,1,0,0,0.0,0,1,0,0.0%,L
15,Player,Tm,Int,Tgt,Cmp,Cmp%,Yds,Yds/Cmp,Yds/Tgt,TD,Rat,DADOT,Air,YAC,Bltz,Hrry,QBKD,Sk,Prss,Comb,MTkl,MTkl%,L
16,L'Jarius Sneed,KAN,0,8,6,75.0%,52,8.7,6.5,0,91.7,5.1,29,23,3,0,0,0.0,0,8,1,11.1%,L
17,Jaylen Watson,KAN,0,7,6,85.7%,74,12.3,10.6,0,110.7,8.7,46,28,0,0,0,0.0,0,6,1,14.3%,L
18,Joshua Williams,KAN,0,9,5,55.6%,87,17.4,9.7,2,128.2,11.1,67,20,3,1,0,0.0,1,9,0,0.0%,L
19,Nick Bolton,KAN,0,4,3,75.0%,15,5.0,3.8,0,80.2,2.5,10,5,7,0,0,0.0,0,13,0,0.0%,L
20,Juan Thornhill,KAN,0,2,2,100.0%,38,19.0,19.0,0,118.7,18.0,36,2,1,0,1,0.0,1,4,0,0.0%,L
21,Justin Reid,KAN,0,3,2,66.7%,28,14.0,9.3,1,136.1,8.0,18,10,4,0,0,0.0,0,5,1,16.7%,L
22,George Karlaftis III,KAN,0,1,1,100.0%,13,13.0,13.0,0,118.7,-2.0,-2,15,0,0,0,0.0,0,2,1,33.3%,L
23,Darius Harris,KAN,0,2,1,50.0%,11,11.0,5.5,0,66.7,-0.5,1,10,3,0,0,0.0,0,6,0,0.0%,L
24,Leo Chenal,KAN,0,1,1,100.0%,11,11.0,11.0,0,112.5,4.0,4,7,2,0,0,0.0,0,2,1,33.3%,L
25,Chris Jones,KAN,0,0,0,,,,,,,,,,0,0,0,1.0,1,3,0,0.0%,L
26,Frank Clark,KAN,0,1,0,0.0%,,,0.0,,39.6,0.0,,,1,0,1,0.0,1,4,0,0.0%,L
27,Khalen Saunders,KAN,0,0,0,,,,,,,,,,0,0,1,0.0,1,2,0,0.0%,L
28,Creed Humphrey,KAN,0,1,0,0.0%,,,0.0,,39.6,-4.0,,,1,0,0,0.0,0,0,0,,L
29,Michael Danna,KAN,0,0,0,,,,,,,,,,1,0,0,0.0,0,0,0,,L
30,Deon Bush,KAN,0,1,0,0.0%,,,0.0,,39.6,26.0,,,1,0,0,0.0,0,1,0,0.0%,L
0,J.C. Jackson,LAC,0,6,5,83.3%,73,14.6,12.2,1,156.9,11.3,59,14,0,0,0,0.0,0,6,0,0.0%,W
1,Drue Tranquill,LAC,0,5,4,80.0%,34,8.5,6.8,0,95.0,3.6,17,17,1,0,0,0.0,0,6,1,14.3%,W
2,Asante Samuel Jr.,LAC,0,9,4,44.4%,39,9.8,4.3,0,57.2,10.7,31,8,0,0,0,0.0,0,3,0,0.0%,W
3,Derwin James,LAC,0,5,4,80.0%,4,1.0,0.8,0,79.2,4.4,1,3,1,0,0,0.0,0,9,1,10.0%,W
4,Joey Bosa,LAC,0,1,1,100.0%,21,21.0,21.0,0,118.7,5.0,5,16,2,0,1,0.0,1,3,0,0.0%,W
5,Khalil Mack,LAC,0,1,1,100.0%,2,2.0,2.0,0,79.2,-2.0,-2,4,2,0,0,1.0,1,2,0,0.0%,W
6,Nasir Adderley,LAC,0,2,1,50.0%,30,30.0,15.0,0,95.8,18.0,26,4,0,0,0,0.0,0,3,0,0.0%,W
7,Kenneth Murray,LAC,0,1,1,100.0%,10,10.0,10.0,0,108.3,-5.0,-5,15,1,0,0,0.0,0,3,0,0.0%,W
8,Austin Johnson,LAC,0,1,1,100.0%,9,9.0,9.0,1,143.7,7.0,7,2,0,0,0,0.0,0,1,0,0.0%,W
9,Sebastian Joseph-Day,LAC,0,1,1,100.0%,0,0.0,0.0,0,79.2,-4.0,-4,4,0,0,0,0.0,0,4,0,0.0%,W
10,Kyle Van Noy,LAC,0,0,0,,,,,,,,,,1,0,1,0.0,1,2,0,0.0%,W
11,Morgan Fox,LAC,0,0,0,,,,,,,,,,0,1,0,0.0,1,2,0,0.0%,W
12,Bryce Callahan,LAC,0,1,0,0.0%,,,0.0,,39.6,5.0,,,0,0,0,0.0,0,2,0,0.0%,W
13,Player,Tm,Int,Tgt,Cmp,Cmp%,Yds,Yds/Cmp,Yds/Tgt,TD,Rat,DADOT,Air,YAC,Bltz,Hrry,QBKD,Sk,Prss,Comb,MTkl,MTkl%,W
14,Willie Gay Jr.,KAN,0,14,12,85.7%,92,7.7,6.6,0,94.0,1.5,10,82,5,0,1,0.0,1,11,2,15.4%,W
15,L'Jarius Sneed,KAN,0,8,7,87.5%,88,12.6,11.0,1,152.1,7.5,55,33,6,0,0,0.0,0,8,0,0.0%,W
16,Jaylen Watson,KAN,1,10,4,40.0%,35,8.8,3.5,0,10.4,7.7,27,8,0,0,0,0.0,0,4,0,0.0%,W
17,Rashad Fenton,KAN,0,5,4,80.0%,74,18.5,14.8,0,118.7,12.2,60,14,2,0,0,0.0,0,6,1,14.3%,W
18,Justin Reid,KAN,0,4,2,50.0%,8,4.0,2.0,2,95.8,6.0,8,0,1,0,0,0.0,0,4,0,0.0%,W
19,Nick Bolton,KAN,0,4,2,50.0%,14,7.0,3.5,0,58.3,1.8,9,5,0,0,0,0.0,0,10,0,0.0%,W
20,Chris Jones,KAN,0,1,1,100.0%,21,21.0,21.0,0,118.7,-7.0,-7,28,0,1,0,2.0,3,3,1,25.0%,W
21,Khalen Saunders,KAN,0,1,1,100.0%,2,2.0,2.0,0,79.2,-6.0,-6,8,0,0,0,0.0,0,2,0,0.0%,W
22,Carlos Dunlap,KAN,0,0,0,,,,,,,,,,0,1,1,0.0,2,3,0,0.0%,W
23,Frank Clark,KAN,0,0,0,,,,,,,,,,0,1,1,0.0,2,2,1,33.3%,W
24,George Karlaftis III,KAN,0,0,0,,,,,,,,,,0,0,1,0.0,1,1,0,0.0%,W
25,Michael Danna,KAN,0,0,0,,,,,,,,,,0,0,1,0.0,1,0,0,,W
26,Leo Chenal,KAN,0,0,0,,,,,,,,,,1,0,1,0.0,1,2,0,0.0%,W
27,Bryan Cook,KAN,0,0,0,,,,,,,,,,0,0,0,0.0,0,1,1,50.0%,W
0,Willie Gay Jr.,KAN,1,8,7,87.5%,37,5.3,4.6,0,46.4,0.3,10,27,3,0,0,0.0,0,5,0,0.0%,W
1,Nick Bolton,KAN,0,5,4,80.0%,84,21.0,16.8,1,158.3,-2.0,-2,86,1,0,1,0.0,1,8,0,0.0%,W
2,Juan Thornhill,KAN,0,5,3,60.0%,20,6.7,4.0,0,68.7,4.4,10,10,0,0,0,1.0,1,7,1,12.5%,W
3,Jaylen Watson,KAN,0,4,3,75.0%,30,10.0,7.5,1,135.4,2.0,12,18,0,0,0,0.0,0,3,0,0.0%,W
4,Joshua Williams,KAN,0,5,3,60.0%,33,11.0,6.6,1,119.2,4.6,20,13,0,0,0,0.0,0,4,0,0.0%,W
5,L'Jarius Sneed,KAN,1,4,2,50.0%,9,4.5,2.3,0,16.7,6.3,-1,10,3,0,0,0.0,0,7,1,12.5%,W
6,Trent McDuffie,KAN,0,6,2,33.3%,8,4.0,1.3,1,81.9,19.0,8,0,0,0,0,0.0,0,0,0,,W
7,Leo Chenal,KAN,0,1,1,100.0%,2,2.0,2.0,0,79.2,-1.0,-1,3,0,0,0,0.0,0,2,0,0.0%,W
8,Justin Reid,KAN,0,4,1,25.0%,17,17.0,4.3,0,44.8,6.0,8,9,1,0,0,0.0,0,4,0,0.0%,W
9,Bryan Cook,KAN,0,1,1,100.0%,23,23.0,23.0,0,118.7,19.0,19,4,0,0,0,0.0,0,2,0,0.0%,W
10,Brandon Williams,KAN,0,0,0,,,,,,,,,,0,0,1,0.5,2,1,0,0.0%,W
11,Chris Jones,KAN,0,0,0,,,,,,,,,,0,0,1,1.0,2,4,0,0.0%,W
12,Frank Clark,KAN,0,0,0,,,,,,,,,,0,0,1,1.0,2,1,0,0.0%,W
13,George Karlaftis III,KAN,0,0,0,,,,,,,,,,0,0,0,1.0,1,3,0,0.0%,W
14,Darius Harris,KAN,0,0,0,,,,,,,,,,1,0,0,0.5,1,3,0,0.0%,W
15,Michael Danna,KAN,0,0,0,,,,,,,,,,0,0,0,1.0,1,3,1,25.0%,W
16,Player,Tm,Int,Tgt,Cmp,Cmp%,Yds,Yds/Cmp,Yds/Tgt,TD,Rat,DADOT,Air,YAC,Bltz,Hrry,QBKD,Sk,Prss,Comb,MTkl,MTkl%,W
17,Damarri Mathis,DEN,0,9,7,77.8%,74,10.6,8.2,0,100.9,7.9,25,49,0,0,0,0.0,0,5,2,28.6%,W
18,Josey Jewell,DEN,2,10,6,60.0%,71,11.8,7.1,0,42.1,5.6,15,56,4,0,0,0.0,0,10,0,0.0%,W
19,Justin Simmons,DEN,0,5,4,80.0%,33,8.3,6.6,2,133.7,4.6,13,20,1,0,0,0.0,0,6,0,0.0%,W
20,Kareem Jackson,DEN,0,5,3,60.0%,43,14.3,8.6,0,87.9,6.0,12,31,1,0,0,0.0,0,10,2,16.7%,W
21,Alex Singleton,DEN,0,5,3,60.0%,60,20.0,12.0,1,141.7,8.6,2,58,3,0,0,0.0,0,8,1,11.1%,W
22,Patrick Surtain II,DEN,1,4,2,50.0%,32,16.0,8.0,0,37.5,15.5,16,16,1,0,1,0.0,1,2,1,33.3%,W
23,K'Waun Williams,DEN,0,2,1,50.0%,7,7.0,3.5,0,58.3,8.5,4,3,2,1,0,0.0,1,4,0,0.0%,W
24,Jonathon Cooper,DEN,0,1,1,100.0%,8,8.0,8.0,0,100.0,-3.0,-3,11,2,0,0,1.0,1,2,0,0.0%,W
25,D.J. Jones,DEN,0,1,1,100.0%,24,24.0,24.0,0,118.7,-5.0,-5,29,0,0,0,0.0,0,0,0,,W
26,Baron Browning,DEN,0,0,0,,,,,,,,,,0,0,2,0.0,2,1,0,0.0%,W
27,Dre'Mont Jones,DEN,0,0,0,,,,,,,,,,0,0,0,1.0,1,5,0,0.0%,W
28,Jacob Martin,DEN,0,0,0,,,,,,,,,,1,0,0,0.0,0,1,0,0.0%,W
29,Nik Bonitto,DEN,0,0,0,,,,,,,,,,1,0,0,0.0,0,1,0,0.0%,W
0,Alex Singleton,DEN,0,4,4,100.0%,32,8.0,8.0,1,139.6,2.5,10,22,2,0,0,0.0,0,8,0,0.0%,W
1,Justin Simmons,DEN,1,6,4,66.7%,70,17.5,11.7,0,66.7,10.7,51,19,0,0,0,0.0,0,1,0,0.0%,W
2,Lamar Jackson,DEN,0,10,4,40.0%,88,22.0,8.8,0,72.1,15.6,65,23,0,0,0,0.0,0,3,0,0.0%,W
3,Josey Jewell,DEN,0,6,4,66.7%,48,12.0,8.0,1,130.6,7.3,20,28,2,0,0,0.0,0,7,0,0.0%,W
4,K'Waun Williams,DEN,0,5,3,60.0%,33,11.0,6.6,0,79.6,6.6,-3,36,3,0,0,0.0,0,0,1,100.0%,W
5,Jonathon Cooper,DEN,0,2,2,100.0%,19,9.5,9.5,0,106.2,0.5,1,18,1,0,1,0.0,1,4,0,0.0%,W
6,Damarri Mathis,DEN,0,2,2,100.0%,10,5.0,5.0,0,87.5,5.0,10,0,0,0,0,0.0,0,4,1,20.0%,W
7,Kareem Jackson,DEN,0,3,2,66.7%,10,5.0,3.3,0,71.5,3.7,3,7,0,0,0,0.0,0,7,1,12.5%,W
8,DeShawn Williams,DEN,0,1,1,100.0%,6,6.0,6.0,0,91.7,-9.0,-9,15,0,0,1,0.0,1,3,0,0.0%,W
9,Mike Purcell,DEN,0,1,1,100.0%,6,6.0,6.0,1,131.2,-4.0,-4,10,0,0,1,0.0,1,2,0,0.0%,W
10,Wyatt Ray,DEN,0,1,1,100.0%,3,3.0,3.0,0,79.2,-4.0,-4,7,0,0,0,0.0,0,1,0,0.0%,W
11,Jonathan Harris,DEN,0,1,1,100.0%,3,3.0,3.0,0,79.2,1.0,1,2,0,0,0,0.0,0,5,0,0.0%,W
12,Nik Bonitto,DEN,0,0,0,,,,,,,,,,3,1,0,0.0,1,0,0,,W
13,Player,Tm,Int,Tgt,Cmp,Cmp%,Yds,Yds/Cmp,Yds/Tgt,TD,Rat,DADOT,Air,YAC,Bltz,Hrry,QBKD,Sk,Prss,Comb,MTkl,MTkl%,W
14,Nick Bolton,KAN,0,8,7,87.5%,101,14.4,12.6,0,118.7,7.6,42,59,0,0,0,0.0,0,9,1,10.0%,W
15,Jaylen Watson,KAN,0,4,4,100.0%,33,8.3,8.3,0,101.0,6.8,27,6,0,0,0,0.0,0,7,0,0.0%,W
16,Trent McDuffie,KAN,0,5,3,60.0%,17,5.7,3.4,0,66.2,3.4,1,16,3,0,1,1.0,2,7,0,0.0%,W
17,L'Jarius Sneed,KAN,1,4,3,75.0%,29,9.7,7.3,0,55.2,7.3,12,17,0,0,0,0.0,0,3,0,0.0%,W
18,Juan Thornhill,KAN,0,3,3,100.0%,26,8.7,8.7,1,142.4,6.7,20,6,0,0,0,0.0,0,6,1,14.3%,W
19,Chris Jones,KAN,0,1,1,100.0%,4,4.0,4.0,0,83.3,-5.0,-5,9,0,1,0,1.0,2,3,0,0.0%,W
20,Michael Danna,KAN,0,1,1,100.0%,4,4.0,4.0,0,83.3,-5.0,-5,9,0,1,1,0.0,2,0,0,,W
21,Justin Reid,KAN,0,5,1,20.0%,1,1.0,0.2,0,39.6,4.8,-4,5,3,0,1,0.0,1,3,0,0.0%,W
22,Willie Gay Jr.,KAN,0,1,1,100.0%,0,0.0,0.0,0,79.2,-3.0,-3,3,2,0,0,0.0,0,7,1,12.5%,W
23,Bryan Cook,KAN,0,3,1,33.3%,1,1.0,0.3,0,42.4,2.7,-5,6,0,0,0,0.0,0,2,1,33.3%,W
24,Leo Chenal,KAN,0,2,1,50.0%,6,6.0,3.0,0,56.2,0.5,6,0,0,0,0,0.0,0,5,0,0.0%,W
25,Frank Clark,KAN,0,0,0,,,,,,,,,,0,1,1,0.0,2,4,0,0.0%,W
26,George Karlaftis III,KAN,0,0,0,,,,,,,,,,0,0,0,1.0,1,2,0,0.0%,W
27,Carlos Dunlap,KAN,0,0,0,,,,,,,,,,0,0,1,0.0,1,1,0,0.0%,W
28,Khalen Saunders,KAN,0,0,0,,,,,,,,,,0,0,0,1.0,1,3,0,0.0%,W
29,Joshua Williams,KAN,0,1,0,0.0%,,,0.0,,39.6,18.0,,,0,0,0,0.0,0,0,0,,W
0,Jordyn Brooks,SEA,0,9,4,44.4%,82,20.5,9.1,0,77.1,6.4,37,45,0,0,0,0.0,0,8,4,33.3%,W
1,Michael Jackson,SEA,0,3,2,66.7%,16,8.0,5.3,1,119.4,8.3,6,10,0,0,0,0.0,0,3,1,25.0%,W
2,Tariq Woolen,SEA,0,3,2,66.7%,11,5.5,3.7,0,72.9,15.7,1,10,0,0,0,0.0,0,2,0,0.0%,W
3,Coby Bryant,SEA,0,3,2,66.7%,15,7.5,5.0,1,118.1,-0.3,-8,23,0,0,0,0.0,0,2,0,0.0%,W
4,Cody Barton,SEA,0,2,2,100.0%,20,10.0,10.0,0,108.3,6.5,13,7,0,0,0,0.0,0,9,0,0.0%,W
5,Darrell Taylor,SEA,0,1,1,100.0%,13,13.0,13.0,0,118.7,5.0,5,8,0,0,0,1.0,1,4,0,0.0%,W
6,Bruce Irvin,SEA,0,1,1,100.0%,8,8.0,8.0,0,100.0,0.0,0,8,1,0,1,0.0,1,0,1,100.0%,W
7,Teez Tabor,SEA,0,2,1,50.0%,27,27.0,13.5,0,95.8,16.5,15,12,0,0,0,0.0,0,3,1,25.0%,W
8,Johnathan Abram,SEA,0,2,1,50.0%,32,32.0,16.0,0,95.8,2.0,-4,36,0,0,0,0.0,0,0,0,,W
9,Quinton Jefferson,SEA,0,0,0,,,,,,,,,,0,2,1,0.0,3,0,1,100.0%,W
10,Shelby Harris,SEA,0,0,0,,,,,,,,,,0,1,0,0.0,1,6,0,0.0%,W
11,Quandre Diggs,SEA,0,1,0,0.0%,,,0.0,,39.6,14.0,,,0,0,0,0.0,0,1,0,0.0%,W
12,Boye Mafe,SEA,0,0,0,,,,,,,,,,1,0,0,0.0,0,3,0,0.0%,W
13,Uchenna Nwosu,SEA,0,0,0,,,,,,,,,,2,0,0,0.0,0,1,0,0.0%,W
14,Player,Tm,Int,Tgt,Cmp,Cmp%,Yds,Yds/Cmp,Yds/Tgt,TD,Rat,DADOT,Air,YAC,Bltz,Hrry,QBKD,Sk,Prss,Comb,MTkl,MTkl%,W
15,Nick Bolton,KAN,0,9,8,88.9%,53,6.6,5.9,0,91.2,2.3,12,41,2,0,0,0.0,0,18,1,5.3%,W
16,L'Jarius Sneed,KAN,0,8,6,75.0%,78,13.0,9.8,0,105.2,9.1,54,24,0,0,0,0.0,0,7,0,0.0%,W
17,Justin Reid,KAN,0,4,4,100.0%,23,5.8,5.8,1,130.2,5.3,21,2,1,0,0,0.0,0,8,0,0.0%,W
18,Willie Gay Jr.,KAN,0,6,3,50.0%,5,1.7,0.8,0,56.2,0.7,-9,14,3,0,0,0.0,0,9,0,0.0%,W
19,Bryan Cook,KAN,0,4,2,50.0%,35,17.5,8.8,0,80.2,10.8,35,0,1,0,1,0.0,1,4,0,0.0%,W
20,Jaylen Watson,KAN,0,2,1,50.0%,6,6.0,3.0,0,56.2,4.5,6,0,0,0,0,0.0,0,2,0,0.0%,W
21,Joshua Williams,KAN,0,3,1,33.3%,17,17.0,5.7,0,53.5,8.7,17,0,1,0,0,0.0,0,2,0,0.0%,W
22,Trent McDuffie,KAN,0,4,1,25.0%,7,7.0,1.8,0,39.6,19.0,7,0,2,0,0,0.0,0,5,0,0.0%,W
23,Chris Jones,KAN,0,0,0,,,,,,,,,,0,1,3,1.0,5,4,0,0.0%,W
24,George Karlaftis III,KAN,0,0,0,,,,,,,,,,0,1,0,1.0,2,1,1,50.0%,W
25,Carlos Dunlap,KAN,0,0,0,,,,,,,,,,1,0,1,0.0,1,2,0,0.0%,W
26,Michael Danna,KAN,0,0,0,,,,,,,,,,0,1,0,0.0,1,3,1,25.0%,W
27,Leo Chenal,KAN,0,0,0,,,,,,,,,,0,0,0,0.0,0,2,1,33.3%,W
0,Nick Bolton,KAN,0,3,3,100.0%,31,10.3,10.3,0,109.7,2.7,8,23,0,0,1,0.0,1,7,1,12.5%,W
1,L'Jarius Sneed,KAN,0,7,3,42.9%,22,7.3,3.1,1,90.5,7.9,9,13,1,0,0,0.0,0,6,1,14.3%,W
2,Justin Reid,KAN,0,4,3,75.0%,11,3.7,2.8,0,77.1,5.3,4,7,0,0,0,0.0,0,6,0,0.0%,W
3,Willie Gay Jr.,KAN,0,3,2,66.7%,16,8.0,5.3,1,119.4,4.3,12,4,1,0,0,0.0,0,4,0,0.0%,W
4,Frank Clark,KAN,0,1,1,100.0%,0,0.0,0.0,0,79.2,-1.0,-1,1,0,0,0,1.0,1,5,0,0.0%,W
5,Juan Thornhill,KAN,0,4,1,25.0%,15,15.0,3.8,0,42.7,8.0,12,3,0,0,0,0.0,0,1,0,0.0%,W
6,Trent McDuffie,KAN,0,2,1,50.0%,34,34.0,17.0,0,95.8,17.0,22,12,1,0,0,0.0,0,1,0,0.0%,W
7,Carlos Dunlap,KAN,0,0,0,,,,,,,,,,0,0,2,0.0,2,3,0,0.0%,W
8,Michael Danna,KAN,0,0,0,,,,,,,,,,0,0,1,0.0,1,1,0,0.0%,W
9,George Karlaftis III,KAN,0,0,0,,,,,,,,,,0,1,0,0.0,1,2,0,0.0%,W
10,Joshua Williams,KAN,0,1,0,0.0%,,,0.0,,39.6,4.0,,,0,0,0,0.0,0,1,0,0.0%,W
11,Leo Chenal,KAN,0,1,0,0.0%,,,0.0,,39.6,4.0,,,0,0,0,0.0,0,5,0,0.0%,W
12,Jaylen Watson,KAN,0,3,0,0.0%,,,0.0,,39.6,23.0,,,0,0,0,0.0,0,0,0,,W
13,Player,Tm,Int,Tgt,Cmp,Cmp%,Yds,Yds/Cmp,Yds/Tgt,TD,Rat,DADOT,Air,YAC,Bltz,Hrry,QBKD,Sk,Prss,Comb,MTkl,MTkl%,W
14,Christian Harris,HOU,0,11,10,90.9%,62,6.2,5.6,0,90.2,0.7,6,56,2,0,1,0.0,1,13,1,7.1%,W
15,Christian Kirksey,HOU,0,7,7,100.0%,74,10.6,10.6,0,110.7,2.7,19,55,2,0,0,1.0,1,11,0,0.0%,W
16,Tremon Smith,HOU,0,7,6,85.7%,70,11.7,10.0,1,147.9,7.6,49,21,0,0,0,0.0,0,10,0,0.0%,W
17,Jake Hansen,HOU,0,4,4,100.0%,59,14.8,14.8,1,158.3,5.0,20,39,1,0,0,0.0,0,2,0,0.0%,W
18,Jalen Pitre,HOU,0,4,3,75.0%,26,8.7,6.5,0,91.7,17.3,23,3,1,0,0,0.0,0,13,0,0.0%,W
19,Jerry Hughes,HOU,0,2,2,100.0%,13,6.5,6.5,0,93.7,-3.0,-6,19,0,0,0,0.0,0,1,1,50.0%,W
20,Jonathan Owens,HOU,0,2,2,100.0%,11,5.5,5.5,0,89.6,4.0,8,3,0,0,0,0.0,0,7,0,0.0%,W
21,Desmond King,HOU,0,2,1,50.0%,8,8.0,4.0,0,60.4,12.5,6,2,1,0,0,0.0,0,4,0,0.0%,W
22,Thomas Booker,HOU,0,1,1,100.0%,13,13.0,13.0,0,118.7,-2.0,-2,15,0,0,0,0.0,0,2,1,33.3%,W
23,Blake Cashman,HOU,0,0,0,,,,,,,,,,2,0,0,1.0,1,2,0,0.0%,W
24,Tavierre Thomas,HOU,0,1,0,0.0%,,,0.0,,39.6,25.0,,,2,0,0,0.0,0,3,0,0.0%,W
0,L'Jarius Sneed,KAN,0,6,4,66.7%,23,5.8,3.8,0,73.6,1.5,-11,34,3,0,2,1.0,3,8,0,0.0%,W
1,Rashad Fenton,KAN,0,5,4,80.0%,42,10.5,8.4,0,101.7,9.4,31,11,0,0,0,0.0,0,5,0,0.0%,W
2,Nick Bolton,KAN,0,4,3,75.0%,20,6.7,5.0,0,85.4,4.0,10,10,3,1,0,0.0,1,10,1,9.1%,W
3,Willie Gay Jr.,KAN,0,4,3,75.0%,20,6.7,5.0,0,85.4,5.3,5,15,2,0,0,0.0,0,5,2,28.6%,W
4,Justin Reid,KAN,0,2,2,100.0%,29,14.5,14.5,0,118.7,15.0,30,-1,1,0,0,0.0,0,4,0,0.0%,W
5,Trent McDuffie,KAN,0,2,1,50.0%,24,24.0,12.0,0,93.7,15.0,23,1,0,0,0,0.0,0,1,0,0.0%,W
6,Elijah Lee,KAN,0,1,1,100.0%,22,22.0,22.0,0,118.7,-5.0,-5,27,0,0,0,0.0,0,1,1,50.0%,W
7,Derrick Nnadi,KAN,0,1,1,100.0%,8,8.0,8.0,0,100.0,2.0,2,6,3,0,0,0.0,0,0,0,,W
8,Chris Lammons,KAN,0,1,1,100.0%,10,10.0,10.0,0,108.3,6.0,6,4,0,0,0,0.0,0,1,0,0.0%,W
9,Darius Harris,KAN,0,2,1,50.0%,6,6.0,3.0,1,95.8,5.0,5,1,0,0,0,0.0,0,1,0,0.0%,W
10,Khalen Saunders,KAN,0,1,1,100.0%,8,8.0,8.0,0,100.0,8.0,8,0,0,0,0,0.0,0,2,0,0.0%,W
11,Juan Thornhill,KAN,0,3,1,33.3%,10,10.0,3.3,0,43.7,23.7,2,8,0,0,0,0.0,0,1,1,50.0%,W
12,Jaylen Watson,KAN,0,2,1,50.0%,6,6.0,3.0,1,95.8,14.0,6,0,0,0,0,0.0,0,2,0,0.0%,W
13,Bryan Cook,KAN,0,1,1,100.0%,4,4.0,4.0,0,83.3,3.0,3,1,0,0,0,0.0,0,1,1,50.0%,W
14,Joshua Williams,KAN,0,2,1,50.0%,2,2.0,1.0,0,56.2,6.5,2,0,0,0,0,0.0,0,1,0,0.0%,W
15,Carlos Dunlap,KAN,0,0,0,,,,,,,,,,3,3,1,1.0,5,4,0,0.0%,W
16,Chris Jones,KAN,0,0,0,,,,,,,,,,9,5,0,0.0,5,1,0,0.0%,W
17,George Karlaftis III,KAN,0,0,0,,,,,,,,,,8,4,1,0.0,5,1,1,50.0%,W
18,Tershawn Wharton,KAN,0,0,0,,,,,,,,,,2,0,2,1.0,3,1,2,66.7%,W
19,Frank Clark,KAN,0,0,0,,,,,,,,,,8,3,0,0.0,3,1,0,0.0%,W
20,Michael Danna,KAN,0,0,0,,,,,,,,,,4,2,0,0.0,2,2,1,33.3%,W
21,Leo Chenal,KAN,0,1,0,0.0%,,,0.0,,39.6,4.0,,,0,0,0,0.0,0,0,0,,W
22,Player,Tm,Int,Tgt,Cmp,Cmp%,Yds,Yds/Cmp,Yds/Tgt,TD,Rat,DADOT,Air,YAC,Bltz,Hrry,QBKD,Sk,Prss,Comb,MTkl,MTkl%,W
23,Devon Kennard,ARI,0,4,4,100.0%,48,12.0,12.0,1,156.2,-1.3,-5,53,5,2,0,0.0,2,1,0,0.0%,W
24,Byron Murphy,ARI,0,5,4,80.0%,29,7.3,5.8,1,130.4,3.8,17,12,2,1,0,0.0,1,4,0,0.0%,W
25,Marco Wilson,ARI,0,7,4,57.1%,44,11.0,6.3,0,75.9,9.1,30,14,1,1,0,0.0,1,5,1,16.7%,W
26,Nick Vigil,ARI,0,4,4,100.0%,58,14.5,14.5,0,118.7,11.0,44,14,1,0,0,0.0,0,3,2,40.0%,W
27,Budda Baker,ARI,0,5,3,60.0%,37,12.3,7.4,0,82.9,13.6,23,14,4,2,0,0.0,2,13,1,7.1%,W
28,Isaiah Simmons,ARI,0,3,3,100.0%,53,17.7,17.7,1,158.3,11.3,34,19,3,1,0,0.0,1,3,0,0.0%,W
29,Zeke Turner,ARI,0,3,3,100.0%,28,9.3,9.3,1,145.1,5.7,17,11,2,1,0,0.0,1,4,0,0.0%,W
30,Jalen Thompson,ARI,0,4,3,75.0%,15,5.0,3.8,1,119.8,9.0,-1,16,0,0,0,0.0,0,9,0,0.0%,W
31,Zaven Collins,ARI,0,3,2,66.7%,17,8.5,5.7,0,81.2,17.7,6,11,4,2,0,0.0,2,7,1,12.5%,W
32,Markus Golden,ARI,0,1,1,100.0%,18,18.0,18.0,0,118.7,-6.0,-6,24,4,0,2,0.0,2,1,0,0.0%,W
33,Jace Whittaker,ARI,0,2,1,50.0%,30,30.0,15.0,0,95.8,11.5,15,15,1,1,0,0.0,1,0,0,,W
34,Dennis Gardeck,ARI,0,0,0,,,,,,,,,,7,3,1,0.0,4,4,0,0.0%,W
35,Zach Allen,ARI,0,0,0,,,,,,,,,,7,2,2,0.0,4,2,0,0.0%,W
36,Victor Dimukeje,ARI,0,0,0,,,,,,,,,,2,1,1,0.0,2,2,0,0.0%,W
37,Rashard Lawrence,ARI,0,0,0,,,,,,,,,,5,1,0,0.0,1,2,0,0.0%,W
38,Jonathan Ledbetter,ARI,0,0,0,,,,,,,,,,1,0,0,0.0,0,0,0,,W
39,Leki Fotu,ARI,0,0,0,,,,,,,,,,3,0,0,0.0,0,2,0,0.0%,W
40,Michael Dogbe,ARI,0,0,0,,,,,,,,,,2,0,0,0.0,0,5,0,0.0%,W
0,Joshua Williams,KAN,0,8,6,75.0%,99,16.5,12.4,1,155.7,10.0,56,43,0,0,0,0.0,0,7,2,22.2%,L
1,Nick Bolton,KAN,0,5,5,100.0%,46,9.2,9.2,0,105.0,1.8,9,37,0,0,0,0.0,0,16,1,5.9%,L
2,Juan Thornhill,KAN,0,7,5,71.4%,58,11.6,8.3,1,135.7,13.1,45,13,0,0,0,0.0,0,10,1,9.1%,L
3,Trent McDuffie,KAN,0,4,3,75.0%,22,7.3,5.5,0,87.5,7.0,8,14,0,0,0,0.0,0,6,0,0.0%,L
4,Darius Harris,KAN,0,2,2,100.0%,24,12.0,12.0,0,116.7,1.0,2,22,1,0,0,0.0,0,1,0,0.0%,L
5,L'Jarius Sneed,KAN,0,2,2,100.0%,15,7.5,7.5,0,97.9,5.5,11,4,1,0,0,0.0,0,6,0,0.0%,L
6,Justin Reid,KAN,0,2,1,50.0%,19,19.0,9.5,0,83.3,7.0,13,6,3,0,0,0.0,0,4,2,33.3%,L
7,Michael Danna,KAN,0,1,1,100.0%,3,3.0,3.0,0,79.2,-5.0,-5,8,1,0,0,0.0,0,0,0,,L
8,George Karlaftis III,KAN,0,0,0,,,,,,,,,,0,0,0,1.0,1,3,0,0.0%,L
9,Carlos Dunlap,KAN,0,0,0,,,,,,,,,,4,0,0,0.0,0,4,0,0.0%,L
10,Willie Gay Jr.,KAN,0,0,0,,,,,,,,,,0,0,0,0.0,0,5,1,16.7%,L
11,Creed Humphrey,KAN,0,0,0,,,,,,,,,,3,0,0,0.0,0,0,0,,L
12,Player,Tm,Int,Tgt,Cmp,Cmp%,Yds,Yds/Cmp,Yds/Tgt,TD,Rat,DADOT,Air,YAC,Bltz,Hrry,QBKD,Sk,Prss,Comb,MTkl,MTkl%,L
13,Mike Hilton,CIN,0,6,6,100.0%,66,11.0,11.0,0,112.5,3.2,19,47,1,0,0,0.0,0,3,2,40.0%,L
14,Logan Wilson,CIN,0,4,3,75.0%,30,10.0,7.5,1,135.4,1.0,2,28,5,0,1,0.0,1,7,0,0.0%,L
15,Vonn Bell,CIN,0,4,2,50.0%,33,16.5,8.3,0,78.1,18.0,11,22,0,0,0,0.0,0,5,0,0.0%,L
16,Germaine Pratt,CIN,0,2,2,100.0%,32,16.0,16.0,0,118.7,8.5,17,15,0,0,0,0.0,0,4,0,0.0%,L
17,Cam Taylor-Britt,CIN,0,3,1,33.3%,5,5.0,1.7,0,42.4,5.7,-1,6,0,0,0,0.0,0,3,2,40.0%,L
18,Jessie Bates III,CIN,0,2,1,50.0%,15,15.0,7.5,0,75.0,34.0,13,2,1,0,0,0.0,0,8,1,11.1%,L
19,Eli Apple,CIN,0,2,1,50.0%,42,42.0,21.0,0,95.8,7.0,11,31,0,0,0,0.0,0,3,0,0.0%,L
20,Trey Hendrickson,CIN,0,0,0,,,,,,,,,,0,1,3,0.0,4,0,0,,L
21,Sam Hubbard,CIN,0,0,0,,,,,,,,,,0,1,0,1.0,2,3,0,0.0%,L
22,B.J. Hill,CIN,0,0,0,,,,,,,,,,0,1,1,0.0,2,4,0,0.0%,L
23,Joseph Ossai,CIN,0,0,0,,,,,,,,,,0,0,0,1.0,1,1,0,0.0%,L
24,Cameron Sample,CIN,0,0,0,,,,,,,,,,0,0,1,0.0,1,3,0,0.0%,L
25,Akeem Davis-Gaither,CIN,0,0,0,,,,,,,,,,1,0,0,0.0,0,2,0,0.0%,L
0,Nick Bolton,KAN,0,7,7,100.0%,62,8.9,8.9,0,103.6,5.6,39,23,1,0,0,0.0,0,16,2,11.1%,W
1,Trent McDuffie,KAN,0,7,6,85.7%,60,10.0,8.6,1,142.0,9.3,45,15,4,0,0,0.0,0,7,0,0.0%,W
2,L'Jarius Sneed,KAN,0,7,3,42.9%,13,4.3,1.9,0,50.3,11.0,4,9,0,0,0,0.0,0,3,0,0.0%,W
3,Willie Gay Jr.,KAN,0,3,2,66.7%,22,11.0,7.3,0,88.2,3.0,7,15,2,0,0,0.0,0,5,1,16.7%,W
4,Leo Chenal,KAN,0,1,1,100.0%,10,10.0,10.0,0,108.3,4.0,4,6,0,0,0,0.0,0,5,0,0.0%,W
5,Jaylen Watson,KAN,0,4,1,25.0%,13,13.0,3.3,0,40.6,13.5,11,2,0,0,0,0.0,0,2,0,0.0%,W
6,Juan Thornhill,KAN,1,1,1,100.0%,4,4.0,4.0,0,43.7,-3.0,-3,7,1,0,0,0.0,0,7,0,0.0%,W
7,Darius Harris,KAN,0,1,1,100.0%,24,24.0,24.0,0,118.7,11.0,11,13,0,0,0,0.0,0,2,0,0.0%,W
8,Bryan Cook,KAN,0,1,1,100.0%,11,11.0,11.0,0,112.5,11.0,11,0,0,0,0,0.0,0,1,0,0.0%,W
9,Chris Jones,KAN,0,0,0,,,,,,,,,,0,3,3,2.5,9,5,0,0.0%,W
10,Carlos Dunlap,KAN,0,0,0,,,,,,,,,,0,1,2,0.0,3,0,0,,W
11,Justin Reid,KAN,0,2,0,0.0%,,,0.0,,39.6,20.0,,,3,1,0,1.0,2,6,0,0.0%,W
12,Michael Danna,KAN,0,0,0,,,,,,,,,,0,0,0,2.0,2,3,1,25.0%,W
13,George Karlaftis III,KAN,0,0,0,,,,,,,,,,0,1,0,0.5,2,3,1,25.0%,W
14,Frank Clark,KAN,0,0,0,,,,,,,,,,0,0,1,0.0,1,1,0,0.0%,W
15,Khalen Saunders,KAN,0,0,0,,,,,,,,,,0,0,1,0.0,1,2,0,0.0%,W
16,Derrick Nnadi,KAN,0,0,0,,,,,,,,,,0,1,0,0.0,1,0,0,,W
17,Player,Tm,Int,Tgt,Cmp,Cmp%,Yds,Yds/Cmp,Yds/Tgt,TD,Rat,DADOT,Air,YAC,Bltz,Hrry,QBKD,Sk,Prss,Comb,MTkl,MTkl%,W
18,Roderic Teamer,LVR,0,4,4,100.0%,22,5.5,5.5,1,129.2,1.8,7,15,3,1,0,0.0,1,5,1,16.7%,W
19,Amik Robertson,LVR,0,4,3,75.0%,79,26.3,19.8,0,116.7,19.8,46,33,0,0,0,0.0,0,3,0,0.0%,W
20,Trevon Moehrig,LVR,0,3,2,66.7%,25,12.5,8.3,0,92.4,12.7,4,21,0,0,0,0.0,0,4,0,0.0%,W
21,Nate Hobbs,LVR,0,3,2,66.7%,13,6.5,4.3,0,75.7,3.0,6,7,0,0,0,0.0,0,1,1,50.0%,W
22,Duron Harmon,LVR,0,3,2,66.7%,16,8.0,5.3,0,79.9,5.3,15,1,0,0,0,0.0,0,7,2,22.2%,W
23,Luke Masterson,LVR,0,1,1,100.0%,28,28.0,28.0,0,118.7,19.0,19,9,1,0,1,0.0,1,9,0,0.0%,W
24,Harvey Langi,LVR,0,1,1,100.0%,7,7.0,7.0,0,95.8,3.0,3,4,0,0,0,0.0,0,2,0,0.0%,W
25,Sidney Jones,LVR,0,3,1,33.3%,4,4.0,1.3,0,42.4,17.0,0,4,0,0,0,0.0,0,4,0,0.0%,W
26,Isaiah Pola-Mao,LVR,0,1,1,100.0%,-2,-2.0,-2.0,0,79.2,-3.0,-3,1,0,0,0,0.0,0,2,1,33.3%,W
27,Tyler Hall,LVR,0,1,1,100.0%,10,10.0,10.0,0,108.3,10.0,10,0,0,0,0,0.0,0,2,0,0.0%,W
28,Maxx Crosby,LVR,0,0,0,,,,,,,,,,5,3,0,1.0,4,5,1,16.7%,W
29,Clelin Ferrell,LVR,0,0,0,,,,,,,,,,5,1,0,1.0,2,3,0,0.0%,W
30,Malcolm Koonce,LVR,0,0,0,,,,,,,,,,0,1,0,0.0,1,0,0,,W
31,Bilal Nichols,LVR,0,0,0,,,,,,,,,,0,1,0,0.0,1,4,0,0.0%,W
32,Neil Farrell,LVR,0,0,0,,,,,,,,,,0,0,1,0.0,1,0,0,,W
33,Jerry Tillery,LVR,0,0,0,,,,,,,,,,0,0,0,0.0,0,1,1,50.0%,W
0,Roger McCreary,TEN,1,13,10,76.9%,118,11.8,9.1,1,97.6,5.9,70,48,0,0,0,0.0,0,8,2,20.0%,W
1,David Long,TEN,0,10,8,80.0%,60,7.5,6.0,0,91.7,4.6,36,24,2,0,1,0.0,1,10,1,9.1%,W
2,Andrew Adams,TEN,0,10,7,70.0%,89,12.7,8.9,0,97.5,8.7,30,59,1,0,0,0.0,0,7,0,0.0%,W
3,Kevin Byard,TEN,0,10,6,60.0%,71,11.8,7.1,0,81.7,8.8,46,25,1,0,0,0.0,0,12,0,0.0%,W
4,Joshua Kalu,TEN,0,8,6,75.0%,29,4.8,3.6,0,79.7,3.0,6,23,0,0,0,0.0,0,9,1,10.0%,W
5,Terrance Mitchell,TEN,0,5,5,100.0%,50,10.0,10.0,0,108.3,7.4,37,13,0,0,0,0.0,0,6,0,0.0%,W
6,Dylan Cole,TEN,0,5,4,80.0%,40,10.0,8.0,0,100.0,6.4,21,19,2,1,0,0.0,1,8,0,0.0%,W
7,Kristian Fulton,TEN,0,10,4,40.0%,55,13.8,5.5,0,58.3,11.9,36,19,0,0,0,0.0,0,4,1,20.0%,W
8,Zach Cunningham,TEN,0,7,4,57.1%,40,10.0,5.7,0,73.5,3.4,14,26,0,0,0,0.0,0,4,0,0.0%,W
9,Denico Autry,TEN,0,1,1,100.0%,6,6.0,6.0,0,91.7,-4.0,-4,10,0,0,1,2.0,3,3,0,0.0%,W
10,Monty Rice,TEN,0,1,1,100.0%,14,14.0,14.0,0,118.7,9.0,9,5,0,0,0,0.0,0,1,0,0.0%,W
11,Mario Edwards,TEN,0,0,0,,,,,,,,,,0,2,0,1.0,3,2,0,0.0%,W
12,DeMarcus Walker,TEN,0,0,0,,,,,,,,,,0,1,0,1.0,2,2,0,0.0%,W
13,Teair Tart,TEN,0,0,0,,,,,,,,,,0,1,0,0.0,1,1,0,0.0%,W
14,Naquan Jones,TEN,0,0,0,,,,,,,,,,0,0,1,0.0,1,2,0,0.0%,W
15,Rashad Weaver,TEN,0,0,0,,,,,,,,,,0,1,0,0.0,1,0,0,,W
16,Lonnie Johnson Jr.,TEN,0,2,0,0.0%,,,0.0,,39.6,26.5,,,0,0,0,0.0,0,1,0,0.0%,W
17,Jeffery Simmons,TEN,0,0,0,,,,,,,,,,0,0,0,0.0,0,4,2,33.3%,W
18,Player,Tm,Int,Tgt,Cmp,Cmp%,Yds,Yds/Cmp,Yds/Tgt,TD,Rat,DADOT,Air,YAC,Bltz,Hrry,QBKD,Sk,Prss,Comb,MTkl,MTkl%,W
19,Juan Thornhill,KAN,0,1,1,100.0%,18,18.0,18.0,0,118.7,17.0,17,1,1,0,0,0.0,0,1,2,66.7%,W
20,Joshua Williams,KAN,0,1,1,100.0%,2,2.0,2.0,0,79.2,-4.0,-4,6,0,0,0,0.0,0,2,1,33.3%,W
21,Justin Reid,KAN,0,2,1,50.0%,16,16.0,8.0,0,77.1,7.5,13,3,1,0,0,0.0,0,3,1,25.0%,W
22,Willie Gay Jr.,KAN,0,1,1,100.0%,48,48.0,48.0,0,118.7,-4.0,-4,52,0,0,0,0.0,0,5,2,28.6%,W
23,Leo Chenal,KAN,0,1,1,100.0%,48,48.0,48.0,0,118.7,-4.0,-4,52,2,0,0,0.0,0,2,1,33.3%,W
24,Nick Bolton,KAN,0,1,1,100.0%,-4,-4.0,-4.0,0,79.2,-4.0,-4,0,1,0,0,0.0,0,3,0,0.0%,W
25,Chris Jones,KAN,0,0,0,,,,,,,,,,0,2,0,0.5,3,2,0,0.0%,W
26,Carlos Dunlap,KAN,0,0,0,,,,,,,,,,0,1,0,1.5,3,4,0,0.0%,W
27,George Karlaftis III,KAN,0,0,0,,,,,,,,,,1,2,0,0.0,2,2,0,0.0%,W
28,Khalen Saunders,KAN,0,0,0,,,,,,,,,,0,0,0,1.0,1,6,0,0.0%,W
29,L'Jarius Sneed,KAN,0,4,0,0.0%,,,0.0,,39.6,18.3,,,1,1,0,0.0,1,5,0,0.0%,W
30,Michael Danna,KAN,0,0,0,,,,,,,,,,1,1,0,0.0,1,4,0,0.0%,W
31,Derrick Nnadi,KAN,0,0,0,,,,,,,,,,0,0,0,0.0,0,2,1,33.3%,W
32,Trent McDuffie,KAN,0,2,0,0.0%,,,0.0,,39.6,20.0,,,0,0,0,0.0,0,2,1,33.3%,W
33,Jaylen Watson,KAN,0,1,0,0.0%,,,0.0,,39.6,26.0,,,0,0,0,0.0,0,0,0,,W
0,L'Jarius Sneed,KAN,0,11,7,63.6%,72,10.3,6.5,0,82.4,6.3,34,38,4,0,1,1.0,2,9,0,0.0%,W
1,Jaylen Watson,KAN,0,8,7,87.5%,71,10.1,8.9,1,143.2,7.0,46,25,1,0,0,0.0,0,5,0,0.0%,W
2,Justin Reid,KAN,0,7,5,71.4%,65,13.0,9.3,0,100.3,6.9,35,30,5,0,0,0.0,0,5,0,0.0%,W
3,Rashad Fenton,KAN,0,6,4,66.7%,39,9.8,6.5,0,84.7,9.3,18,21,1,0,0,0.0,0,6,0,0.0%,W
4,Bryan Cook,KAN,0,5,3,60.0%,22,7.3,4.4,1,110.0,13.0,16,6,3,0,1,0.0,1,5,0,0.0%,W
5,Tershawn Wharton,KAN,0,2,2,100.0%,12,6.0,6.0,0,91.7,1.0,2,10,0,0,2,0.0,2,2,0,0.0%,W
6,Nick Bolton,KAN,0,4,2,50.0%,23,11.5,5.8,0,67.7,2.5,10,13,7,0,0,0.0,0,9,0,0.0%,W
7,Juan Thornhill,KAN,0,3,2,66.7%,15,7.5,5.0,1,118.1,6.0,13,2,0,0,0,0.0,0,2,1,33.3%,W
8,Darius Harris,KAN,0,3,2,66.7%,36,18.0,12.0,0,107.6,3.3,3,33,2,0,0,0.0,0,0,0,,W
9,George Karlaftis III,KAN,0,2,1,50.0%,7,7.0,3.5,0,58.3,3.0,3,4,0,0,0,0.0,0,2,0,0.0%,W
10,Frank Clark,KAN,0,1,1,100.0%,9,9.0,9.0,0,104.2,0.0,0,9,0,0,0,0.0,0,1,1,50.0%,W
11,Chris Jones,KAN,0,0,0,,,,,,,,,,0,0,1,0.0,1,1,0,0.0%,W
12,Carlos Dunlap,KAN,0,0,0,,,,,,,,,,1,0,0,0.0,0,0,0,,W
13,Player,Tm,Int,Tgt,Cmp,Cmp%,Yds,Yds/Cmp,Yds/Tgt,TD,Rat,DADOT,Air,YAC,Bltz,Hrry,QBKD,Sk,Prss,Comb,MTkl,MTkl%,W
14,Devin White,TAM,0,7,5,71.4%,46,9.2,6.6,0,89.0,5.9,33,13,2,1,1,0.0,2,11,1,8.3%,W
15,Carlton Davis,TAM,0,5,5,100.0%,85,17.0,17.0,1,158.3,6.6,33,52,1,0,1,0.0,1,3,0,0.0%,W
16,Lavonte David,TAM,0,6,5,83.3%,83,16.6,13.8,1,158.3,11.2,54,29,0,0,0,0.0,0,10,0,0.0%,W
17,Antoine Winfield Jr.,TAM,0,6,3,50.0%,13,4.3,2.2,0,56.2,1.7,-1,14,1,0,0,0.0,0,5,0,0.0%,W
18,Mike Edwards,TAM,0,3,1,33.3%,5,5.0,1.7,0,42.4,14.0,4,1,3,0,0,1.0,1,13,1,7.1%,W
19,Anthony Nelson,TAM,0,1,1,100.0%,7,7.0,7.0,0,95.8,5.0,5,2,0,0,0,1.0,1,3,0,0.0%,W
20,William Gholston,TAM,0,1,1,100.0%,2,2.0,2.0,1,118.7,2.0,2,0,0,0,0,0.0,0,3,0,0.0%,W
21,Sean Murphy-Bunting,TAM,1,2,1,50.0%,2,2.0,1.0,0,16.7,7.0,-3,5,0,0,0,0.0,0,3,0,0.0%,W
22,Jamel Dean,TAM,0,5,1,20.0%,6,6.0,1.2,0,39.6,13.2,-1,7,0,0,0,0.0,0,2,0,0.0%,W
23,Keanu Neal,TAM,0,1,0,0.0%,,,0.0,,39.6,4.0,,,1,0,1,0.0,1,6,0,0.0%,W
24,Carl Nassib,TAM,0,0,0,,,,,,,,,,0,0,0,1.0,1,4,0,0.0%,W
25,Shaquil Barrett,TAM,0,0,0,,,,,,,,,,2,1,0,0.0,1,4,0,0.0%,W
26,Logan Ryan,TAM,0,0,0,,,,,,,,,,0,0,0,0.0,0,1,1,50.0%,W
27,Joe Tryon-Shoyinka,TAM,0,0,0,,,,,,,,,,2,0,0,0.0,0,3,0,0.0%,W
28,Ke'Shawn Vaughn,TAM,0,0,0,,,,,,,,,,0,0,0,0.0,0,0,1,100.0%,W
0,Foyesade Oluokun,JAX,0,6,5,83.3%,33,6.6,5.5,0,89.6,4.7,25,8,1,0,0,0.0,0,7,0,0.0%,W
1,Montaric Brown,JAX,0,4,3,75.0%,36,12.0,9.0,0,102.1,8.0,22,14,0,0,0,0.0,0,3,1,25.0%,W
2,Devin Lloyd,JAX,0,4,3,75.0%,72,24.0,18.0,0,116.7,4.3,17,55,1,0,0,0.0,0,3,1,25.0%,W
3,Darious Williams,JAX,0,5,3,60.0%,52,17.3,10.4,0,95.4,12.6,43,9,0,0,0,0.0,0,3,0,0.0%,W
4,Tre Herndon,JAX,0,4,3,75.0%,60,20.0,15.0,0,116.7,11.8,38,22,0,0,0,0.0,0,1,1,50.0%,W
5,Josh Allen,JAX,0,2,2,100.0%,21,10.5,10.5,1,150.0,6.5,13,8,0,0,1,0.0,1,6,0,0.0%,W
6,Rayshawn Jenkins,JAX,0,2,2,100.0%,26,13.0,13.0,1,158.3,11.5,23,3,0,0,0,0.0,0,5,1,16.7%,W
7,Chad Muma,JAX,0,2,2,100.0%,12,6.0,6.0,0,91.7,2.5,5,7,1,0,0,0.0,0,6,0,0.0%,W
8,Andre Cisco,JAX,1,2,1,50.0%,7,7.0,3.5,1,58.3,9.0,6,1,0,0,0,0.0,0,3,0,0.0%,W
9,Tyson Campbell,JAX,0,2,1,50.0%,6,6.0,3.0,0,56.2,4.0,6,0,0,0,0,0.0,0,2,0,0.0%,W
10,Travon Walker,JAX,0,1,0,0.0%,,,0.0,,39.6,-1.0,,,0,0,1,0.0,1,2,0,0.0%,W
11,DaVon Hamilton,JAX,0,0,0,,,,,,,,,,0,0,1,0.0,1,1,0,0.0%,W
12,Roy Robertson-Harris,JAX,0,0,0,,,,,,,,,,0,0,1,0.0,1,2,0,0.0%,W
13,Player,Tm,Int,Tgt,Cmp,Cmp%,Yds,Yds/Cmp,Yds/Tgt,TD,Rat,DADOT,Air,YAC,Bltz,Hrry,QBKD,Sk,Prss,Comb,MTkl,MTkl%,W
14,L'Jarius Sneed,KAN,0,7,7,100.0%,69,9.9,9.9,2,147.3,6.1,43,26,5,1,0,0.0,1,6,0,0.0%,W
15,Trent McDuffie,KAN,0,9,6,66.7%,57,9.5,6.3,0,84.0,12.0,43,14,1,0,0,0.0,0,7,0,0.0%,W
16,Justin Reid,KAN,0,6,5,83.3%,39,7.8,6.5,0,93.7,7.7,18,21,0,0,0,0.0,0,7,1,12.5%,W
17,Jaylen Watson,KAN,0,2,2,100.0%,20,10.0,10.0,0,108.3,8.0,16,4,0,0,0,0.0,0,1,0,0.0%,W
18,Juan Thornhill,KAN,0,5,2,40.0%,22,11.0,4.4,0,53.7,11.2,16,6,0,0,0,0.0,0,3,0,0.0%,W
19,Joshua Williams,KAN,0,3,2,66.7%,9,4.5,3.0,0,70.1,7.3,3,6,0,0,0,0.0,0,4,0,0.0%,W
20,Nick Bolton,KAN,0,3,2,66.7%,10,5.0,3.3,0,71.5,-2.0,-1,11,3,0,0,0.0,0,8,0,0.0%,W
21,Chris Jones,KAN,0,1,1,100.0%,24,24.0,24.0,0,118.7,-4.0,-4,28,0,0,0,1.5,2,2,0,0.0%,W
22,Willie Gay Jr.,KAN,0,1,1,100.0%,10,10.0,10.0,0,108.3,6.0,6,4,8,0,0,1.0,1,8,0,0.0%,W
23,Carlos Dunlap,KAN,0,2,1,50.0%,-1,-1.0,-0.5,0,56.2,-4.0,-2,1,0,0,0,0.5,1,5,0,0.0%,W
24,Khalen Saunders,KAN,0,0,0,,,,,,,,,,0,0,0,1.0,1,2,0,0.0%,W
25,Leo Chenal,KAN,0,0,0,,,,,,,,,,2,0,0,1.0,1,2,0,0.0%,W
0,Willie Gay Jr.,KAN,0,3,3,100.0%,19,6.3,6.3,0,93.1,2.0,6,13,1,0,0,1.0,1,11,0,0.0%,W
1,Nick Bolton,KAN,1,3,3,100.0%,26,8.7,8.7,0,63.2,4.0,12,14,0,0,0,0.0,0,14,0,0.0%,W
2,Joshua Williams,KAN,0,4,3,75.0%,65,21.7,16.3,0,116.7,16.0,50,15,0,0,0,0.0,0,7,1,12.5%,W
3,Jaylen Watson,KAN,0,3,3,100.0%,34,11.3,11.3,0,113.9,6.3,19,15,0,0,0,0.0,0,2,1,33.3%,W
4,Justin Reid,KAN,0,3,3,100.0%,29,9.7,9.7,0,106.9,5.0,15,14,1,0,0,0.0,0,4,0,0.0%,W
5,Bryan Cook,KAN,0,3,3,100.0%,33,11.0,11.0,1,152.1,5.7,17,16,0,0,0,0.0,0,3,0,0.0%,W
6,Trent McDuffie,KAN,0,3,2,66.7%,11,5.5,3.7,0,72.9,0.3,-5,16,1,0,0,0.0,0,6,1,14.3%,W
7,Chris Jones,KAN,0,1,1,100.0%,-2,-2.0,-2.0,0,79.2,-7.0,-7,5,0,0,2,2.0,4,5,0,0.0%,W
8,Juan Thornhill,KAN,0,1,1,100.0%,50,50.0,50.0,1,158.3,47.0,47,3,0,0,0,0.0,0,3,0,0.0%,W
9,L'Jarius Sneed,KAN,0,6,1,16.7%,15,15.0,2.5,0,39.6,11.5,15,0,2,0,0,0.0,0,5,0,0.0%,W
10,Michael Danna,KAN,0,0,0,,,,,,,,,,0,0,0,2.0,2,4,0,0.0%,W
11,George Karlaftis III,KAN,0,0,0,,,,,,,,,,0,0,1,0.0,1,0,0,,W
12,Frank Clark,KAN,0,0,0,,,,,,,,,,0,0,1,0.0,1,2,0,0.0%,W
13,Leo Chenal,KAN,0,0,0,,,,,,,,,,0,0,1,0.0,1,2,0,0.0%,W
14,Player,Tm,Int,Tgt,Cmp,Cmp%,Yds,Yds/Cmp,Yds/Tgt,TD,Rat,DADOT,Air,YAC,Bltz,Hrry,QBKD,Sk,Prss,Comb,MTkl,MTkl%,W
15,Asante Samuel Jr.,LAC,0,11,6,54.5%,130,21.7,11.8,2,136.4,11.5,70,60,0,0,0,0.0,0,3,0,0.0%,W
16,Bryce Callahan,LAC,0,4,3,75.0%,66,22.0,16.5,0,116.7,14.0,56,10,2,0,1,0.0,1,6,1,14.3%,W
17,Derwin James,LAC,0,5,2,40.0%,26,13.0,5.2,1,96.7,6.0,11,15,1,0,0,1.0,1,7,1,12.5%,W
18,Nasir Adderley,LAC,0,2,2,100.0%,28,14.0,14.0,0,118.7,11.5,23,5,0,0,0,0.0,0,6,0,0.0%,W
19,Michael Davis,LAC,0,5,2,40.0%,14,7.0,2.8,0,47.9,10.8,5,9,1,0,0,0.0,0,3,0,0.0%,W
20,Sebastian Joseph-Day,LAC,0,1,1,100.0%,0,0.0,0.0,0,79.2,-5.0,-2,2,0,0,1,0.0,1,4,0,0.0%,W
21,Kenneth Murray,LAC,0,1,1,100.0%,34,34.0,34.0,0,118.7,9.0,9,25,0,0,0,0.0,0,0,0,,W
22,Breiden Fehoko,LAC,0,1,1,100.0%,1,1.0,1.0,0,79.2,0.0,0,1,0,0,0,0.0,0,2,0,0.0%,W
23,Drue Tranquill,LAC,0,1,1,100.0%,12,12.0,12.0,0,116.7,0.0,0,12,2,0,0,0.0,0,7,0,0.0%,W
24,Alohi Gilman,LAC,0,1,1,100.0%,18,18.0,18.0,0,118.7,18.0,18,0,0,0,0,0.0,0,2,0,0.0%,W
25,Kyle Van Noy,LAC,0,0,0,,,,,,,,,,0,0,2,0.0,2,2,0,0.0%,W
26,Khalil Mack,LAC,0,0,0,,,,,,,,,,0,0,1,0.0,1,1,0,0.0%,W
27,Troy Reeder,LAC,0,1,0,0.0%,,,0.0,,39.6,17.0,,,1,0,0,0.0,0,3,0,0.0%,W
28,Isaiah Spiller,LAC,0,1,0,0.0%,,,0.0,,39.6,11.0,,,0,0,0,0.0,0,0,0,,W
